Workbook

Sheet Sheet1
A1: Category | B1: MBTA Example | C1: Cost/km | D1: Cost/Station | E1: Cost/Vehicle | F1: Professional Services Cost
A2: Heavy Rail | B2: Orange Line Relocation | C2: ='Messy data'!H3/'Messy data'!E3*'Inflation Index'!C20 -> 35627158 | D2: ='Messy data'!K3*'Inflation Index'!C20 -> 20648323 | E2: ='Messy data'!M4*'Inflation Index'!C20 -> 20045481 | F2: 25% of Tracks + Station
A3: Light Rail (Surface/Elevated) | B3: Green Line Extension | C3: ='Messy data'!H6/'Messy data'!E6*'Inflation Index'!C16 -> 3.5897079e+08 | D3: ='Messy data'!K6*'Inflation Index'!C16 -> 21790042 | E3: ='Messy data'!M6*'Inflation Index'!C16 -> 10005398 | F3: 25% of Tracks + Station
A4: BRT (Underground) | B4: Silver Line (South Boston Piers Transitway) | C4: ='Messy data'!H7/'Messy data'!E7*'Inflation Index'!C20 -> 1.2286832e+08 | D4: ='Messy data'!K7*'Inflation Index'!C20 -> 28296842 | E4: ='Messy data'!M7*'Inflation Index'!C20 -> 1825595 | F4: 25% of Tracks + Station
A5: BRT | B5: Silver Line | C5: =0*'Inflation Index'!C20 -> 0 | D5: =D7 -> 445097.37 | E5: ='Messy data'!M8*'Inflation Index'!C20 -> 1825595 | F5: 25% of Tracks + Station
A6: Commuter Rail | B6: South Coast Rail | C6: ='Messy data'!H9/'Messy data'!E9*'Inflation Index'!C12 -> 7399780.9 | D6: ='Messy data'!K9*'Inflation Index'!C12 -> 33927083 | E6: ='Messy data'!M9*'Inflation Index'!C12 -> 97173952 | F6: 25% of Tracks + Station
A7: Bus | B7: MBTA Busses (Electric) | C7: =0*'Inflation Index'!C18 -> 0 | D7: ='Messy data'!K10*'Inflation Index'!C18 -> 445097.37 | E7: ='Messy data'!M10*'Inflation Index'!C18 -> 1715479.4 | F7: 25% of Tracks + Station

Sheet Messy data
A1: Category | B1: MBTA Example | C1: Distance | D1: Unit | E1: Distance (km) | F1: Source | G1: Cost Total | H1: Cost Construction (sans station) | I1: Cost Tunnel | J1: Cost Street Reconstruction | K1: Cost Station (each) | L1: Cost Land | M1: Cost Vehicle (each) | N1: Cost Other | O1: Cost Professional Services | P1: Professional Services as % of Construction Costs | R1: Source | S1: Cost per Mile | T1: Project Year | U1: Dollar Year
A2: Heavy Rail | B2: Red Blue Connector | C2: 2150 | D2: Ft | E2: =C2*0.0003048 -> 0.65532 | F2: Red Blue Connector (2023) | I2: 270 million | J2: 20 million | K2: 60000000 | M2: ??? | N2: =(140+50+130+130)*1000000 -> 450000000 | R2: Mohl (2021) | T2: 2022 (finish) | U2: 2021
B3: Orange Line Relocation | C3: 24816 | D3: Ft | E3: =C3*0.0003048 -> 7.5639168 | F3: FTA | G3: 853750886 | H3: 259552179 | K3: =159100498/8 -> 19887562 | L3: 26605209 | M3: Didn't seem credible | N3: =102233446+51009299 -> 153242745 | O3: 178948221 | P3: =O3/G3 -> 0.20960238 | R3: FTA cost database 2024 | T3: 1983 (midpoint) | U3: 2024
B4: Red and Orange Line CRRC Contract | C4: N/A | D4: N/A | E4: N/A | F4: N/A | G4: N/A | H4: N/A | I4: N/A | J4: N/A | K4: N/A | L4: N/A | M4: =1300000000/404*6 -> 19306931 | N4: N/A | O4: N/A | P4: N/A | R4: Wang and Bao (2024)
A5: Light Rail (Tunnel) | B5: Green Line Extension
A6: Light Rail (Surface/Elevated) | B6: Green Line branches, green line extension | C6: 7.6 | D6: Km | E6: =C6 -> 7.6 | F6: Transit Costs Project | G6: 2289000000 | H6: =G6-K6*7 -> 2167800000 | K6: =121200000/7 -> 17314286 | M6: =810925658/102 -> 7950251.5 | N6: 0 | O6: 212990000 | R6: Transit Costs Project (NYU Marron) | T6: 2013-2022 | U6: 2020
A7: BRT (Underground) | B7: South Boston Piers Transitway | C7: 5808 | D7: Ft | E7: =C7*0.0003048 -> 1.7702784 | F7: FTA | G7: 618809781 | H7: 209497209 | K7: =81762844/3 -> 27254281 | L7: 41600000 | M7: =42200000/24 -> 1758333.3 | N7: =9600000+42827833 -> 52427833 | O7: 150200000 | P7: =O7/G7 -> 0.24272402 | T7: 2001 (midpoint) | U7: 2024
A8: BRT | B8: Silver Line (SL3, SL4) | C8: N/A | D8: N/A | E8: N/A | F8: Taken from BRT underground | G8: N/A | H8: Roads? | I8: N/A | J8: N/A | K8: Take from Bus | L8: N/A | M8: =M7 -> 1758333.3 | N8: ??? | O8: ??? | P8: ??? | R8: Back of the Envelope
A9: Commuter Rail | B9: South Coast Rail | C9: 36.1 | D9: Mi | E9: =C9*1.60934 -> 58.097174 | F9: South Coast Rail DSEIR Full Report | H9: =466787000-6*K9 -> 316787000 | K9: 25000000 | L9: 21490000 | M9: 71605000 | N9: =205573000+41472000 -> 247045000 | P9: 127825000 | R9: South Coast Rail DSEIR Report | U9: 2016
A10: Bus | B10: MBTA Busses (Electric) | K10: 400000 | M10: =185000000/120 -> 1541666.7 | R10: Lisinski (2026), Mohl (2019) | U10: 2022

Sheet Inflation Index
A1: CPI-U Inflation Index: Value of $1 in 2026 Dollars
A2: Source: U.S. Bureau of Labor Statistics, CPI-U Annual Averages (1982-84=100)
A3: 2026 CPI estimated using January 2026 BLS release (scaled to annual average basis)
A5: Year | B5: Annual Avg CPI-U | C5: Value of $1 in 2026 Dollars | D5: Cumulative Inflation since Year
A6: 2010 | B6: 218.1 | C6: =$B$22/B6 -> 1.4933517 | D6: =C6-1 -> 0.49335167
A7: 2011 | B7: 224.9 | C7: =$B$22/B7 -> 1.4481992 | D7: =C7-1 -> 0.4481992
A8: 2012 | B8: 229.6 | C8: =$B$22/B8 -> 1.418554 | D8: =C8-1 -> 0.41855401
A9: 2013 | B9: 233 | C9: =$B$22/B9 -> 1.3978541 | D9: =C9-1 -> 0.39785408
A10: 2014 | B10: 236.7 | C10: =$B$22/B10 -> 1.3760034 | D10: =C10-1 -> 0.37600338
A11: 2015 | B11: 237 | C11: =$B$22/B11 -> 1.3742616 | D11: =C11-1 -> 0.3742616
A12: 2016 | B12: 240 | C12: =$B$22/B12 -> 1.3570833 | D12: =C12-1 -> 0.35708333
A13: 2017 | B13: 245.1 | C13: =$B$22/B13 -> 1.3288454 | D13: =C13-1 -> 0.32884537
A14: 2018 | B14: 251.1 | C14: =$B$22/B14 -> 1.2970928 | D14: =C14-1 -> 0.29709279
A15: 2019 | B15: 255.7 | C15: =$B$22/B15 -> 1.2737583 | D15: =C15-1 -> 0.27375831
A16: 2020 | B16: 258.8 | C16: =$B$22/B16 -> 1.2585008 | D16: =C16-1 -> 0.25850077
A17: 2021 | B17: 271 | C17: =$B$22/B17 -> 1.201845 | D17: =C17-1 -> 0.20184502
... A22: 2026 | B22: 325.7 | C22: =$B$22/B22 -> 1 | D22: =C22-1 -> 0
